{
  "openapi": "3.0.3",
  "info": {
    "title": "NodeJS Todolist API",
    "description": "NodeJS Todolist API",
    "version": "1.0.0"
  },
  "servers": [
    {
      "url": "http://localhost:3000"
    }
  ],
  "paths": {
    "/": {
      "get": {
        "responses": {
          "200": {
            "description": "Get all todolist",
            "content": {
              "application/json": {
                "schema": {
                  "$ref": "#/components/schemas/Response"
                }
              }
            }
          }
        }
      },
      "post": {
        "requestBody": {
          "content": {
            "application/json": {
              "schema": {
                "type": "object",
                "properties": {
                  "todo": {
                    "type": "string"
                  }
                }
              }
            }
          }
        },
        "responses": {
          "200": {
            "description": "Create new todo",
            "content": {
              "application/json": {
                "schema": {
                  "$ref": "#/components/schemas/Response"
                }
              }
            }
          }
        }
      },
      "delete": {
        "requestBody": {
          "content": {
            "application/json": {
              "schema": {
                "type": "object",
                "properties": {
                  "id": {
                    "type": "number"
                  }
                }
              }
            }
          }
        },
        "responses": {
          "200": {
            "description": "Delete todo",
            "content": {
              "application/json": {
                "schema": {
                  "$ref": "#/components/schemas/Response"
                }
              }
            }
          }
        }
      },
      "put": {
        "requestBody": {
          "content": {
            "application/json": {
              "schema": {
                "type": "object",
                "properties": {
                  "id": {
                    "type": "number"
                  },
                  "todo": {
                    "type": "string"
                  }
                }
              }
            }
          }
        },
        "responses": {
          "200": {
            "description": "Update todo",
            "content": {
              "application/json": {
                "schema": {
                  "$ref": "#/components/schemas/Response"
                }
              }
            }
          }
        }
      }
    }
  },
  "components": {
    "schemas": {
      "Response": {
        "type": "object",
        "properties": {
          "code": {
            "type": "number"
          },
          "status": {
            "type": "string"
          },
          "data": {
            "type": "array",
            "items": {
              "type": "object",
              "properties": {
                "id": {
                  "type": "number"
                },
                "todo": {
                  "type": "string"
                }
              }
            }
          }
        }
      }
    }
  }
}
